create database insurance_company;
use insurance_company;
CREATE TABLE t14_INCIDENT
(
Incident_Id varchar(25) NOT NULL ,
Incident_Type VARCHAR(30) NULL ,
Incident_Date DATE NOT NULL ,
Description VARCHAR(100) NULL ,
CONSTRAINT XPKINCIDENT_17 PRIMARY KEY (Incident_Id)
);
CREATE UNIQUE INDEX XPKINCIDENT_17 ON t14_INCIDENT
(Incident_Id ASC);
CREATE TABLE t14_CUSTOMER
(
Cust_Id VARCHAR(20) NOT NULL ,
Cust_FName VARCHAR(10) NOT NULL ,
Cust_LName VARCHAR(10) NOT NULL ,
Cust_DOB DATE NOT NULL ,
Cust_Gender CHAR(2) NOT NULL ,
Cust_Address VARCHAR(20) NOT NULL ,
Cust_MOB_Number INTEGER NOT NULL ,
Cust_Email VARCHAR(20) NULL ,
Cust_Passport_Number VARCHAR(20) NULL ,
Cust_Marital_Status CHAR(8) NULL ,
Cust_PPS_Number INTEGER NULL ,
CONSTRAINT XPKCUSTOMER_1 PRIMARY KEY (Cust_Id)
);
CREATE UNIQUE INDEX XPKCUSTOMER_1 ON t14_CUSTOMER
(Cust_Id ASC);
CREATE TABLE t14_INCIDENT_REPORT 
(
Incident_Report_Id VARCHAR(20) NOT NULL , 
Incident_Type CHAR(10) NULL ,
Incident_Inspector VARCHAR(20) NULL , 
Incident_Cost INTEGER NULL ,
Incident_Report_Description VARCHAR(100) NULL , 
Incident_Id VARCHAR(20) NOT NULL ,
Cust_Id VARCHAR(20) NOT NULL ,
CONSTRAINT XPKINCIDENT_REPORT_18 PRIMARY KEY (Incident_Report_Id,Incident_Id,Cust_Id), 
CONSTRAINT R_83 FOREIGN KEY (Incident_Id) REFERENCES t14_INCIDENT (Incident_Id),
CONSTRAINT R_86 FOREIGN KEY (Cust_Id) REFERENCES t14_CUSTOMER (Cust_Id) 
);
CREATE UNIQUE INDEX XPKINCIDENT_REPORT_18 ON t14_INCIDENT_REPORT (Incident_Report_Id ASC,Incident_Id ASC,Cust_Id ASC);
CREATE TABLE t14_INSURANCE_COMPANY 
(
Company_Name VARCHAR(20) NOT NULL ,
Company_Address VARCHAR(20) NULL ,
Company_Contact_Number INTEGER NULL ,
Company_Fax INTEGER NULL ,
Company_Email VARCHAR(20) NULL ,
Company_Website VARCHAR(20) NULL ,
Company_Location VARCHAR(20) NULL ,
Company_Department_Name VARCHAR(20) NULL ,
Company_Office_Name VARCHAR(20) NULL ,
CONSTRAINT XPKINSURANCE_COMPANY_15 PRIMARY KEY(Company_Name)
);
CREATE UNIQUE INDEX XPKt14_INSURANCE_COMPANY_15 ON t14_INSURANCE_COMPANY(Company_Name ASC);
CREATE TABLE t14_DEPARTMENT
(
Department_Name VARCHAR(20) NOT NULL ,
Department_ID CHAR(18) NOT NULL ,
Department_Staff CHAR(18) NULL ,
Department_Offices CHAR(18) NULL ,
Company_Name VARCHAR(20) NOT NULL ,
CONSTRAINT XPKDEPARTMENT PRIMARY KEY(Department_Name,Department_ID,Company_Name),
CONSTRAINT R_56 FOREIGN KEY (Company_Name)REFERENCES t14_insurance_company( Company_Name)
);
CREATE UNIQUE INDEX XPKDEPARTMENT ON t14_DEPARTMENT
(Department_Name ASC,Department_ID ASC,Company_Name ASC);

CREATE TABLE t14_VEHICLE
(
Vehicle_Id VARCHAR(20) NOT NULL ,
Policy_Id VARCHAR(20) NULL ,
Dependent_NOK_Id VARCHAR(20) NULL ,
Vehicle_Registration_Number VARCHAR(20) NOT NULL ,
Vehicle_Value INTEGER NULL ,
Vehicle_Type VARCHAR(20) NOT NULL ,
Vehicle_Size INTEGER NULL ,
Vehicle_Number_Of_Seat INTEGER NULL ,
Vehicle_Manufacturer VARCHAR(20) NULL ,
Vehicle_Engine_Number INTEGER NULL ,
Vehicle_Chasis_Number INTEGER NULL ,
Vehicle_Number VARCHAR(20) NULL ,
Vehicle_Model_Number VARCHAR(20) NULL ,
Cust_Id VARCHAR(20) NOT NULL ,
CONSTRAINT XPKVEHICLE_6 PRIMARY KEY (Vehicle_Id,Cust_Id),
CONSTRAINT R_92 FOREIGN KEY (Cust_Id) REFERENCES t14_CUSTOMER(Cust_Id)
);
CREATE UNIQUE INDEX XPKVEHICLE_6 ON t14_VEHICLE (Vehicle_Id ASC,Cust_Id ASC);
CREATE TABLE t14_VEHICLE_SERVICE
(

Vehicle_Service_Company_Name VARCHAR(20) NOT NULL,
Vehicle_Service_Address VARCHAR(20) NULL,
Vehicle_Service_Contact VARCHAR(20) NULL,
Vehicle_Service_Incharge VARCHAR(20) NULL,
Vehicle_Service_Type VARCHAR(20) NULL,
Department_Name VARCHAR(20) NOT NULL,
Vehicle_Id VARCHAR(20) NOT NULL,
CONSTRAINT XPKVEHICLE_SERVICE PRIMARY KEY(Vehicle_Service_Company_Name),
CONSTRAINT R_50 FOREIGN KEY (Department_Name) REFERENCES t14_department (Department_Name),
FOREIGN KEY ( Vehicle_Id) REFERENCES t14_Vehicle(Vehicle_Id)

);

CREATE UNIQUE INDEX XPKVEHICLE_SERVICE ON t14_VEHICLE_SERVICE
(Vehicle_Service_Company_Name ASC,Department_Name ASC);

CREATE TABLE t14_PREMIUM_PAYMENT
(
Premium_Payment_Id VARCHAR(20) NOT NULL ,
Policy_Number VARCHAR(20) NOT NULL ,
Premium_Payment_Amount INTEGER NOT NULL ,
Premium_Payment_Schedule DATE NOT NULL ,
Receipt_Id VARCHAR(20) NOT NULL ,
Cust_Id VARCHAR(20) NOT NULL ,
CONSTRAINT XPKPREMIUM_PAYMENT_5 PRIMARY KEY(Premium_Payment_Id,Cust_Id),
CONSTRAINT R_85 FOREIGN KEY (Cust_Id) REFERENCES t14_CUSTOMER(Cust_Id)
);
CREATE UNIQUE INDEX XPKPREMIUM_PAYMENT_5 ON t14_PREMIUM_PAYMENT(Premium_Payment_Id ASC,Cust_Id ASC);
CREATE TABLE t14_RECEIPT
(
Receipt_Id VARCHAR(20) NOT NULL ,
Time DATE NOT NULL ,
Cost INTEGER NOT NULL ,
Premium_Payment_Id VARCHAR(20) NOT NULL ,
Cust_Id VARCHAR(20) NOT NULL ,
Vehicle_Id VARCHAR(20) NOT NULL,
CONSTRAINT XPKRECEIPT_21 PRIMARY KEY(Receipt_Id,Premium_Payment_Id,Cust_Id),
CONSTRAINT R_84 FOREIGN KEY (Premium_Payment_Id, Cust_Id)
REFERENCES t14_PREMIUM_PAYMENT (Premium_Payment_Id, Cust_Id),
FOREIGN KEY (Vehicle_Id)
REFERENCES t14_vehicle(Vehicle_Id)
);
CREATE UNIQUE INDEX XPKRECEIPT_21 ON t14_RECEIPT
(Receipt_Id ASC,Premium_Payment_Id ASC,Cust_Id ASC);
CREATE TABLE t14_APPLICATION
(
Application_Id VARCHAR(20) NOT NULL ,
Vehicle_Id VARCHAR(20) NOT NULL ,
Application_Status CHAR(8) NOT NULL ,
Coverage VARCHAR(50) NOT NULL ,
Cust_Id VARCHAR(20) NOT NULL ,
CONSTRAINT XPKAPPLICATION_2 PRIMARY KEY (Application_Id,Cust_Id),
CONSTRAINT R_93 FOREIGN KEY (Cust_Id) REFERENCES t14_CUSTOMER(Cust_Id)
);
CREATE UNIQUE INDEX XPKAPPLICATION_2 ON t14_APPLICATION(Application_Id ASC,Cust_Id ASC);
CREATE TABLE t14_INSURANCE_POLICY
(
Agreement_id VARCHAR(20) NOT NULL ,
Department_Name VARCHAR(20) NULL ,
Policy_Number VARCHAR(20) NULL ,
Start_Date DATE NULL ,
Expiry_Date DATE NULL ,
Term_Condition_Description VARCHAR(100) NULL ,
Application_Id VARCHAR(20) NOT NULL ,
Cust_Id VARCHAR(20) NOT NULL ,
CONSTRAINT XPKINSURANCE_POLICY_4 PRIMARY KEY(Agreement_id,Application_Id,Cust_Id),
CONSTRAINT R_95 FOREIGN KEY (Application_Id, Cust_Id) REFERENCES t14_APPLICATION (Application_Id, Cust_Id)
);
CREATE UNIQUE INDEX XPKINSURANCE_POLICY_4 ON t14_INSURANCE_POLICY
(Agreement_id ASC,Application_Id ASC,Cust_Id ASC);
CREATE TABLE t14_POLICY_RENEWABLE
(
Policy_Renewable_Id VARCHAR(20) NOT NULL ,
Date_Of_Renewal DATE NOT NULL ,
Type_Of_Renewal CHAR(15) NOT NULL ,
Agreement_id VARCHAR(20) NOT NULL ,
Application_Id VARCHAR(20) NOT NULL ,
Cust_Id VARCHAR(20) NOT NULL ,
CONSTRAINT XPKPOLICY_RENEWABLE_16 PRIMARY KEY(Policy_Renewable_Id,Agreement_id,Application_Id,Cust_Id),
CONSTRAINT R_101 FOREIGN KEY (Agreement_id, Application_Id, Cust_Id)
REFERENCES t14_INSURANCE_POLICY (Agreement_id, Application_Id, Cust_Id)
);
CREATE UNIQUE INDEX XPKPOLICY_RENEWABLE_16 ON
t14_POLICY_RENEWABLE
(Policy_Renewable_Id ASC,Agreement_id ASC,Application_Id
ASC,Cust_Id ASC);
CREATE TABLE t14_MEMBERSHIP
(
Membership_Id VARCHAR(20) NOT NULL ,
Membership_Type CHAR(15) NOT NULL ,
Organisation_Contact VARCHAR(20) NULL ,
Cust_Id VARCHAR(20) NOT NULL ,
CONSTRAINT XPKMEMBERSHIP_12 PRIMARY KEY(Membership_Id,Cust_Id),
CONSTRAINT R_91 FOREIGN KEY (Cust_Id) REFERENCES t14_CUSTOMER(Cust_Id)
);
CREATE UNIQUE INDEX XPKMEMBERSHIP_12 ON t14_MEMBERSHIP(Membership_Id ASC,Cust_Id ASC);
CREATE TABLE t14_QU0TE
(
Quote_Id VARCHAR(20) NOT NULL ,
Issue_Date DATE NOT NULL ,
Valid_From_Date DATE NOT NULL ,
Valid_Till_Date DATE NOT NULL ,
Description VARCHAR(100) NULL ,
Product_Id VARCHAR(20) NOT NULL ,
Coverage_Level VARCHAR(20) NOT NULL ,
Application_Id VARCHAR(20) NOT NULL ,
Cust_Id VARCHAR(20) NOT NULL ,
CONSTRAINT XPKQU0TE_3 PRIMARY KEY(Quote_Id,Application_Id,Cust_Id),
CONSTRAINT R_94 FOREIGN KEY (Application_Id, Cust_Id) REFERENCES
t14_APPLICATION (Application_Id, Cust_Id)
);
CREATE UNIQUE INDEX XPKQU0TE_3 ON t14_QU0TE
(Quote_Id ASC,Application_Id ASC,Cust_Id ASC);
CREATE TABLE t14_STAFF
( 
Staff_Id VARCHAR(20) NOT NULL , 
Staff_Fname VARCHAR(10) NULL , 
Staff_LName VARCHAR(10) NULL , 
Staff_Adress VARCHAR(20) NULL , 
Staff_Contact INTEGER NULL , 
Staff_Gender CHAR(2) NULL , 
Staff_Marital_Status CHAR(8) NULL , 
Staff_Nationality CHAR(15) NULL , 
Staff_Qualification VARCHAR(20) NULL , 
Staff_Allowance INTEGER NULL , 
Staff_PPS_Number INTEGER NULL , 
Company_Name VARCHAR(20) NOT NULL , 
CONSTRAINT XPKSTAFF_9 PRIMARY KEY (Staff_Id,Company_Name), 
CONSTRAINT R_105 FOREIGN KEY (Company_Name) REFERENCES t14_INSURANCE_COMPANY (Company_Name)
);
CREATE UNIQUE INDEX XPKSTAFF_9 ON t14_STAFF(Staff_Id ASC,Company_Name ASC);
CREATE TABLE t14_NOK
(
Nok_Id VARCHAR(20) NOT NULL ,
Nok_Name VARCHAR(20) NULL ,
Nok_Address VARCHAR(20) NULL ,
Nok_Phone_Number INTEGER NULL ,
Nok_Gender CHAR(2) NULL ,
Nok_Marital_Status CHAR(8) NULL ,
Agreement_id VARCHAR(20) NOT NULL ,
Application_Id VARCHAR(20) NOT NULL ,
Cust_Id VARCHAR(20) NOT NULL ,
CONSTRAINT XPKNOK_14 PRIMARY KEY(Nok_Id,Agreement_id,Application_Id,Cust_Id),
CONSTRAINT R_99 FOREIGN KEY (Agreement_id, Application_Id, Cust_Id)
REFERENCES t14_INSURANCE_POLICY (Agreement_id, Application_Id, Cust_Id)
);
CREATE UNIQUE INDEX XPKNOK_14 ON t14_NOK
(Nok_Id ASC,Agreement_id ASC,Application_Id ASC);
CREATE TABLE t14_PRODUCT 
(
Product_Price INTEGER NULL , 
Product_Type CHAR(15) NULL , 
Product_Number VARCHAR(20) NOT NULL ,
Company_Name VARCHAR(20) NOT NULL ,
CONSTRAINT XPKPRODUCT_20 PRIMARY KEY (Product_Number,Company_Name),
CONSTRAINT R_107 FOREIGN KEY (Company_Name) REFERENCES t14_INSURANCE_COMPANY (Company_Name)
);
CREATE UNIQUE INDEX XPKPRODUCT_20 ON t14_PRODUCT
(Product_Number ASC,Company_Name ASC);
CREATE TABLE t14_OFFICE 
( 
Office_Name VARCHAR(20) NOT NULL , 
Office_Leader VARCHAR(20) NOT NULL , 
Contact_Information VARCHAR(20) NOT NULL , 
Address VARCHAR(20) NOT NULL , 
Admin_Cost INTEGER NULL , 
Staff VARCHAR(50) NULL ,
Department_Name VARCHAR(20) NOT NULL , 
Company_Name VARCHAR(20) NOT NULL , 
CONSTRAINT XPKOFFICE_11 PRIMARY KEY (Office_Name,Department_Name,Company_Name), 
CONSTRAINT R_104 FOREIGN KEY (Department_Name) REFERENCES t14_DEPARTMENT (Department_Name) ,
FOREIGN KEY (Company_Name) REFERENCES t14_INSURANCE_COMPANY  (Company_Name) 
);
CREATE UNIQUE INDEX XPKOFFICE_11 ON t14_OFFICE
(Office_Name ASC,Department_Name ASC,Company_Name ASC);

CREATE TABLE t14_COVERAGE
( 
Coverage_Id VARCHAR(20) NOT NULL ,
Coverage_Amount INTEGER NOT NULL , 
Coverage_Type CHAR(10) NOT NULL , 
Coverage_Level CHAR(15) NOT NULL , 
Product_Id VARCHAR(20) NOT NULL , 
Coverage_Description VARCHAR(100) NULL , 
Covearge_Terms VARCHAR(50) NULL , 
Company_Name VARCHAR(20) NOT NULL , 
CONSTRAINT XPKCOVERAGE_19 PRIMARY KEY (Coverage_Id,Company_Name),
CONSTRAINT R_102 FOREIGN KEY (Company_Name) REFERENCES
t14_INSURANCE_COMPANY (Company_Name)
);
CREATE UNIQUE INDEX XPKCOVERAGE_19 ON t14_COVERAGE
(Coverage_Id ASC,Company_Name ASC);
CREATE TABLE t14_INSURANCE_POLICY_COVERAGE 
( 
Agreement_id VARCHAR(20) NOT NULL , 
Application_Id VARCHAR(20) NOT NULL , 
Cust_Id VARCHAR(20) NOT NULL ,
Coverage_Id VARCHAR(20) NOT NULL , 
Company_Name VARCHAR(20) NOT NULL , 
CONSTRAINT XPKINSURANCE_POLICY_4_COVERAGE PRIMARY KEY 
(Agreement_id,Application_Id,Cust_Id,Coverage_Id,Company_Name), 
CONSTRAINT R_97 FOREIGN KEY (Agreement_id, Application_Id, Cust_Id) 
REFERENCES t14_INSURANCE_POLICY (Agreement_id, Application_Id, Cust_Id),
CONSTRAINT R_98 FOREIGN KEY (Coverage_Id, Company_Name)
REFERENCES t14_COVERAGE (Coverage_Id, Company_Name)
); 
CREATE UNIQUE INDEX XPKINSURANCE_POLICY_4_COVERAGE ON 
t14_INSURANCE_POLICY_COVERAGE
(Agreement_id ASC,Application_Id ASC,Cust_Id ASC,Coverage_Id ASC,Company_Name ASC); 
CREATE TABLE t14_CLAIM
( 
Claim_Id VARCHAR(20) NOT NULL ,
Agreement_Id VARCHAR(20) NOT NULL , 
Claim_Amount INTEGER NOT NULL ,
Incident_Id VARCHAR(20) NOT NULL , 
Damage_Type VARCHAR(20) NOT NULL , 
Date_Of_Claim DATE NOT NULL ,
Claim_Status CHAR(10) NOT NULL ,
Cust_Id VARCHAR(20) NOT NULL ,
CONSTRAINT XPKCLAIM_7 PRIMARY KEY (Claim_Id,Cust_Id),
CONSTRAINT R_88 FOREIGN KEY (Cust_Id) REFERENCES t14_CUSTOMER (Cust_Id)
);
CREATE UNIQUE INDEX XPKCLAIM_7 ON t14_CLAIM
(Claim_Id ASC,Cust_Id ASC);
CREATE TABLE t14_CLAIM_SETTLEMENT
(
Claim_Settlement_Id VARCHAR(20) NOT NULL ,
Vehicle_Id VARCHAR(20) NOT NULL ,
Date_Settled DATE NOT NULL ,
Amount_Paid INTEGER NOT NULL ,
Coverage_Id VARCHAR(20) NOT NULL ,
Claim_Id VARCHAR(20) NOT NULL ,
Cust_Id VARCHAR(20) NOT NULL ,
CONSTRAINT XPKCLAIM_SETTLEMENT_8 PRIMARY KEY
(Claim_Settlement_Id,Claim_Id,Cust_Id),
CONSTRAINT R_90 FOREIGN KEY (Claim_Id, Cust_Id) REFERENCES t14_CLAIM
(Claim_Id, Cust_Id)
);
CREATE UNIQUE INDEX XPKCLAIM_SETTLEMENT_8 ON
t14_CLAIM_SETTLEMENT
(Claim_Settlement_Id ASC,Claim_Id ASC,Cust_Id ASC);
INSERT INTO t14_customer
Values ('17133289','Anjuru','Lokesh','2001-03-01','M','5-204,venkatagiri,Ap',63030098,'lokeshanjuru8885','NULL','single',NULL);
INSERT INTO t14_customer
Values ('17133290','Chodavarap','Avinash','2001-03-01','M','16-205,kakinada,Ap',96034264,'avinashiniiitdwd','NULL','single',NULL),
	   ('17133291','Geetha','krishna','2001-03-01','M','14-516,puttur,Ap',93815314,'diddigeethakrishna','NULL','single',NULL),
       ('17133292','Arepally','Aditya','2001-03-01','M','16-205,kakinada,Ap',96034264,'avinashiniiitdwd','NULL','single',NULL),
      ('17133293','Godina','Pranav','2000-03-09','M','36-5,Kadapa,Ap',81878149,'godinapranav','NULL','single',NULL),
('17133294','Nikitha','kallakuri','1999-05-28','F','36-1,Batnavilli,Ap',91865432,'nikithakk','NULL','single',NULL);
INSERT INTO t14_customer
Values ('17133296','Golla','Bhanu','1998-03-06','M','3-5,chennai,TN',88149467,'Bhanu456','NULL','single',NULL),
('17133297','Dudi','Sruthi','1990-06-19','F','6-5,Banglore,KN',87814637,'sruthi1642','NULL','Married',NULL),
('17133298','Lolla','kalyani','2002-07-09','F','354-51,Puri,Odisha',87564926,'kalyanilolla','NULL','single',NULL),
('17133299','Bogula','Rajesh','1990-08-19','M','361-5,Munnar,Kr',98654321,'Rajeshgundebogula','NULL','Married',NULL),
('17133300','Sri','Lavanya','1994-11-09','F','35-1,Raipur,CG',64926845,'lovelylavanya','NULL','Married',NULL),
('17133301','Meruva','Venkat','1999-01-30','M','5-1,Dwaraka,Gj',68453214,'venkatmeruva','NULL','Single',NULL),
('17133302','Sri','Navya','2002-03-24','F','25-324,Agra,UP',96068455,'Navya21143','NULL','Single',NULL),
('17133303','Grandi','Surya','2000-09-13','M','5-541,Ludhiana,Pb',95321464,'suryagrandi','NULL','Single',NULL),
('17133304','Marcus','Paul','1989-10-30','M','546-128,Shimla,HP', 68445464,'paulmarcus','NULL','Married',NULL),
('17133305','Datla','Raju','1979-12-23','M','55-1,Im,Manipur',84543214,'rajudatla156','NULL','Married',NULL),
('17133306','Lasya','Sahithi','1976-01-24','F','24-6,Patna,Bihar',99883355,'lasyasahithidindigal','NULL','Married',NULL),
('17133307','Vijay','Velduti','1985-09-03','M','54-12,Dwaraka,Gj',85204963,'vijayvelduti','NULL','Married',NULL),
('17133308','Sri','Tejaswini','1987-01-22','F','25-51,Dhimapur,NL',94531214,'tejaswiveluduti','NULL','Married',NULL),
('17133309','Anitha','s','2001-10-30','F','55-1,Agra,UP',94543234,'ankithasch','NULL','Single',NULL),
('17133310','Meruva','Akhila','1992-05-26','F','545-1,Ladakh,J&K',90143214,'akhilameruva','NULL','Marrried',NULL);
INSERT INTO t14_customer
Values('17133311','JRD','Tata','1904-07-29','M','5-1,Bombay,MH',85201401,'jrdtata ','NULL','Marrried',NULL),
('17133312','M','Gopinath','1935-11-13','M','845-25,UP',96325187,'mgopinath','NULL','Marrried',NULL),
('17133313','Vijay','Maliya','1965-09-05','M','8-25,MP',65470892,'vijaymalia','NULL','Marrried',NULL);

select * from t14_customer;
select * from t14_VEHICLE;
insert into t14_VEHICLE
Values('852065','62646','9877','AP 10 DA 7531','97000','car',180,6,'Toyato','741963',963852741,'753951','AI86D6','17133293'),
('185246','62647','9878','AP 05 OA 6310','98000','auto',120,4,'Piago','963753',741852963,'754956','O5E346','17133294'),
('746982','62648','9879','TN 11 CD 7309','99000','car',200,7,'Toyato','329751',431492856,'301254','V1EE73','17133296'),
('736941','62649','9880','KA 02 KA 4002','100000','car',120,4,'Hundai','852963',73541692,'601282','EW74I0','17133297'),
('216456','62650','9881','OD 05 kG 5068','100010','van',240,6,'Honda','201456',523498710,'951025','FA800I','17133298'),
('365412','62651','9882','KL 10 GI 8908','100021','car',120,4,'Tata','951472',401256981,'684219','IB00ED','17133299'),
('842369','62652','9883','CD 12 LP 8180','100022','car',140,4,'Suziki','754123',781246345,'753965','PY01QE','17133300'),
('741963','62653','9884','GJ 14 DP 8510','100202','car',180,5,'BMW','520639',964175236,'951742','VI65C5','17133301'),
('831143','62654','9885','UP 80 LO 1432','128980','bike',100,2,'RE','143831',128980143,'141831','L0VU22','17133302'),
('749852','62655','9886','PJ 09 VI 1400','100020','van',280,10,'Tata','203541',789412565,'753149','BF478U','17133303'),
('520630','62656','9887','HP 90 OK 1281','152014','car',160,5,'Honda','996741',302041465,'961475','YG540P','17133304'),
('526295','62657','9888','MP 09 CX 6054','102456','auto',80,2,'Piago','601478',960147035,'426810','IK851H','17133305'),
('741358','62658','9889','BR 07 YA 7740','852014','car',180,6,'Wagnor','954782',210453014,'810457','EK46UE','17133306'),
('102456','62659','9890','GJ 05 UT 4005','102456','bike',080,2,'Pulsar','341256',74985213,'878987','TV4D02','17133307'),
('410520','62660','9891','NL 15 BG 9812','100041','car',140,4,'Renault','970123',201450369,'941320','EDS487','17133308'),
('141831','62661','9892','UP 80 LO 1434','100080','bike',80,2,'Duke','831141',831143831,'143831','LO143U','17133309'),
('152471','62662','9893','JK 01 OG 8504','100008','auto',120,4,'Piago','970180',546987320,'620410','BY698U','17133310');
insert into t14_VEHICLE
Values
('736942','62663','9894','KA 02 KA 5007','100000','bike',120,4,'Hero','852944',735416780,'607854','EW79O0','17133297'),
('737895','62664','9895','KA 02 KA 4859','100000','Auto',100,4,'Piaggo','852944',735416780,'607854','EW79O0','17133297'),
('831342','62665','9896','UP 80 LO 8310','128987','Car',200,5,'BMW','141834',12883113,'143143','L0VU23','17133302'),
('143831','62666','9897','UP 80 LO 1438','128988','Van',400,8,'Bench','831143',12883043,'831831','L0VU24','17133302'),
('144831','62667','9898','UP 80 LO 1431','100084','car',220,5,'RR','830041',83004301,'141083','LO831U','17133309'),
('144143','62668','9899','UP 80 LO 8341','100785','Van',420,9,'Bench','830001',831414131,'141141','LO141U','17133309');

insert into t14_VEHICLE
Values
('154512','62669','98100','AirIn45','110474','Aeroplane',4200,70,'Air India','789656',998965412,'786452','AWER47','17133311'),
('154513','62670','98101','AirIn46','110475','Aeroplane',4200,70,'Air India','789006',998965410,'786453','AWER48','17133311'),
('154541','62671','98102','AirIn48','110476','Aeroplane',4200,70,'Air India','789007',998965410,'786455','AWER49','17133311'),
('258963','62672','98103','DecAir08','410258','Aeroplane',4200,70,'Deccan Air','788001',654123987,'841234','DEC141','17133312'),
('258964','62673','98104','DecAir09','410259','Aeroplane',4200,70,'Deccan Air','788002',654123987,'841235','DEC142','17133312'),
('258966','62674','98105','DecAir10','410260','Aeroplane',4200,70,'Deccan Air','788004',654123987,'841236','DEC143','17133312'),
('961977','62675','98106','KingIn06','741258','Aeroplane',4200,70,'Kingfisher','963147',74108520,'963214','King850','17133313'),
('961978','62676','98107','KingIn07','741259','Aeroplane',4200,70,'Kingfisher','963148',74108521,'963215','King851','17133313'),
('961979','62678','98108','KingIn08','741260','Aeroplane',4200,70,'Kingfisher','963149',74108522,'963216','King852','17133313');

select * from t14_incident;
insert into t14_incident
values('1234LMN','COLLISION','2000-06-21','CAR HAD MET WITH AN COLLISION'),
('3456ABC','COMPREHENSIVE','2001-07-24',NULL),
('3678ABD','COMPREHENSIVE','2009-10-23','DAMAGE RECOVER TO INCLUDING VANDALISM'),
('7894ASD',NULL,'2003-03-16',NULL),
('3987HJK','TOWING AND LABOUR','2004-12-11',NULL),
('4561XYZ','LIABILITY','2004-04-12','COVER DAMAGES FOR INJURIES AND PROPERTY DAMAGES'),
('7631WAD',NULL,'2000-10-21',NULL),
('8971RTY','PERSONAL INJURY','2001-05-06','ACCIDENT TAKES PLACE HEAVILY PERSON GOT INJURED'),
('3456REW','GAP','2010-12-13',NULL),
('1023FGD','COLLISION','2009-12-12','SERIOUS COLLISION BETWEEN LORRY AND CAR'),
('7654POI','LIABILITY','1999-09-12',NULL),
('4567HGF','COMPREHENSIVE','1998-06-06','SERIOUS ACCIDENT ON NH5'),
('3456ERQ',NULL,'2005-02-18',NULL),
('1234JKL','ACCIDENT','1997-12-27','OVERSPEEDING CAUSED SERIOUS ATTACK'),
('1298QWE',NULL,'2002-12-24',NULL),
('1265POA','LIABILITY','2015-09-28','BIG ACCIDENT CAUSED DUE TO PHONE DURING DRIVING'),
('7654DFG',NULL,'2011-02-12',NULL),
('7654BNM','PERSONAL INJURY','2006-12-30','WITNESS NAMES-LOKESH,AVINASH');

insert into t14_INCIDENT_REPORT 
values ('REF11234','ACCIDENT','RATHODE',90000,NULL,'1234JKL','17133298'),
('REF11235','technical','ADITYA',50000,'Suicidal attempt by the person','1298QWE','17133299'),
('REF11236',NULL,'RATHODE',10000,'TALKING ON PHONE WHILE DRIVING','1265POA','17133300'),
('REF11237','ACCIDENT',NULL,20000,'DIRECT COLLISION WITH TREE BESIDE THE ROAD','7654DFG','17133301'),
('REF11238','PERSONAL','GEETHA',50000,NULL,'7654BNM','17133302'),
('REF11239',NULL,'NIKHIL',100000,'OVERTAKING','7631WAD','17133303'),
('REF11240','collision','DAYA',340000,'OVERSPEEDING','1234LMN','17133304'),
('REF11241','Complicate',NULL,40000,'ROAD CROSSING','3456ABC','17133305'),
('REF11242','Complicate','RAMA CHANDER',100000,NULL,'3678ABD','17133306'),
('REF11243',NULL,'PRATAP',360000,'UNFORTUNATELY IN THE PROCESS OF GIVING WAY TO AMBULANCE MET WITH AN ACCIDENT','7894ASD','17133307'),
('REF11244','TOWING',NULL,467800,NULL,'3987HJK','17133308'),
('REF11245','normal','DAYA',590000,'NOT WEARING SEAT BELT WHILE DRIVING','4561XYZ','17133308'),
('REF11246',NULL,'RAMA CHANDRA',100000,'OVERTAKING FROM LEFT SIDE','7631WAD','17133309'),
('REF11247','drunken',NULL,150000,'HEAVILY INJURED BY THE VEHICLE','8971RTY','17133310'),
('REF11248','ACCIDENT','KRISHNA MANOHAR',234000,'RASH DRIVING','3456REW','17133289'),
('REF11249','COLLISION','LOKESH',256000,'LACK OF AIR BAGS IN CAR','1023FGD','17133290'),
('REF11250','SPOT DEAD','SHIVAMANI',230000,NULL,'3456ERQ','17133291');
select * from t14_INCIDENT_REPORT ;
insert into t14_APPLICATION
Values('88514CAR4','852065','Active','Liability Coverage','17133293'),
('49634IOUR4','185246','Old','Personal Injury','17133294'),
('CAR8547390','746982','Retired','Collision Coverage','17133296'),
('8671AUTO03','736941','Pending','Liability Coverage','17133297'),
('954RG24UY','216456','Old','Personal Injury','17133298'),
('O7UH98745','842369','Pending','Liability Coverage','17133300'),
('YH96314UG','741963','Retired','Collision Coverage','17133301'),
('LO143VEU24','831143','Active','Personal Injury','17133302'),
('UR7845RU0','749852','Old','Collision Coverage','17133303'),
('78AUD85206','526295','Retired','Liability Coverage','17133305'),
('CAD852094','741358','Pending','Collision Coverage','17133306'),
('8596RU14OG','410520','Old','Collision Coverage','17133308'),
('831LO143VE','141831','Active','Personal Injury','17133309'),
('CQA85644OU','152471','Retired','Liability Coverage','17133310');
insert into t14_membership
values ('12AL5748','Member','ph-9704474356','17133289'),
('13LP8764','Ass.Member','HP GAS,Venkatagiri','17133302'),
('21ER5834','Fellow','ph-630300986','17133305'),
('34KY8347','Honorary Fellow','17-171,Raja street','17133292'),
('56OP3572','Member','5-204,venkatagiri','17133291'),
('43HY9672','Ass.Member','ph-9493110494','17133294'),
('52DT6754','Fellow','15-764,hyderabad','17133301'),
('65LO8765','Honorary','43_987,Nalgonda','17133303'),
('89MN4632','Member','Ph-6564636286','17133290'),
('65PL8934','Ass.Member','Ph-8978546321','17133296'),
('43HU7439','Fellow','Ph_8976453647','17133297'),
('97BJ7857','Honorary','16-654,kakinada','17133298');

insert into t14_INSURANCE_COMPANY 
values('BAJAJ','PUNE-411006',206602677,20660267,'bajaj@gmail.com','www.bajaj.com','PUNE','VEHICLE','HEAD QUARTERS'),
('BHARATHI','BENGALORE-50037',4901022,209876,'bharathi@gmail.com','www.bharathi.com','BENGALORE','VEHICLE','SUB BRANCH'),
('CHOLA','CHENNAI-600001',4849458,743847,'chola@gmail.com','www.chola.com','CHENNAI','VEHCILE','MARINA'),
('HDFC ERGO','MUMBAI-400020',78374843,83748,'hdfc@gmail.com','www.hdfc.com','MUMBAI','VEHICLE','GATE WAY'),
('ICICI','MUMBAI-400064',654536,465546,'icici@gmail.com','www.icici.com','MUMBAI','VEHICLE','MAIN BRANCH'),
('LIBERTY','MUMBAI-400013',8743483,834348,'liberty@gmail.com','www.liberty.com','MUMBAI','VEHICLE','SUB BRANCH'),
('L AND T','HYDERBAD-40023',2324949,349885,'landt@gmail.com','www.landt.com','HYDERBAD','VEHICLE','MAIN BRANCH'),
('NATIONAL','DELHI-47585',8539853,48483,'national@gmail.com','www.national.com','DELHI','VEHICLE','DELHI BRANCH'),
('ORIENTAL','CHENNAI-23398',782827,27827,'oreintal@gmail.com','www.oriental.com','CHENNAI','VEHICLE','MADRAS BRANCH'),
('RELIANCE','MUMBAI-23877',83444839,43457,'reliance@gmai.com','www.reliance.com','MUMBAI','VEHICLE','MAIN BRANCH'),
('ROYAL','DELHI-600097',83487378,448558,'royal@gmail.com','wwww.royal.com','DELHI','VEHICLE','DELHI BRANCH'),
('SBI','MUMBAI-400644',843875,483984,'sbi@gmail.com','www.sbi.com','MUMBAI','VEHICLE','MUMBAI BRANCH'),
('SHRIRAM','NAGPUR-49933',392039,384984,'shriram@gmail.com','www.shriram.com','NAGPUR','VEHICLE','HEAD OFFICE'),
('TATA','MUMBAI-400013',748347,4934,'tata@gmail.com','www.tata.com','MUMBAI','VEHICLE','MAIN MUMBAI'),
('UNITED INDIA','VIJAYAWADA-50023',48498948,343455,'united@gmail.com','www.united.com','VIJAYAWADA','VEHICLE','MAIN OFFICE'),
('UNIVERSAL','PUNE-41166',78374385,38274,'universal@gmail.com','www.universal.com','PUNE','VEHICLE','SUB OFFICE'),
('KOTAK','MUMBAI-4000',78785783,35784,'kotak@gmail.com','www.kotak.com','MUMBAI','VEHICLE','MUMBAI BRANCH'),
('MAGMA','KOLKATA-70016',7487358,49835,'magma@gmail.com','www.magma.com','KOLKATA','VEHICLE','KOLKATA OFFICE');
insert into  t14_DEPARTMENT
values('HEALTH','ABCDEF','LOKESH','MUMBAI','KOTAK'),
('VEHICLE','ABCDEGFG','ADITYA','MUMBAI','KOTAK'),
('LIFE','ABSHJHD',NULL,'DELHI','SBI'),
('HOME','ABJDSJ','SAHITHI','MUMBAI','ICICI'),
('TRAVEL','HSJDHJ','NAVYA','RAIPUR','ROYAL'),
('PET','FJHDFJ','PALLAVI','KOTTYAM','RELIANCE');

insert into  t14_DEPARTMENT
values
('HEALTH','ABCDEF','NIKHIL','PUNE','TATA'),
('VEHICLE','ABCDEGFG','GANESH','DELHI','SBI'),
('HOME','ABJDSJ','KALYAN','VIJAYAWADA','SBI'),
('LIFE','ABSHJHD',NULL,'HUBBALI','KOTAK'),
('VEHICLE','ABCDEGFG','SHANNU','HYDERABAD','ICICI'),
('HEALTH','ABCDEF','VAISHNAVI','KOLKATA','ROYAL'),
('VEHICLE','ABCDEGFG','RAJINI','CHENNAI','ROYAL'),
('LIFE','ABSHJHD','PALLAVI','PALAKADD','RELIANCE'),
('TRAVEL','HSJDHJ','BHAGI','PANAJI','RELIANCE'),
('HOME','ABJDSJ','NIVETHA','DELHI','TATA');

insert into t14_PREMIUM_PAYMENT
Values('DU96324YUR','181115','80000','2019-08-25','964585200','17133292'),
('88514CAR4','852065','80000','2018-08-25','964532102','17133293'),
('49634IOUR4','185246','100000','2011-11-22','852014790','17133294'),
('CAR8547390','746982','80000','2004-11-11','654789213','17133296'),
('8671AUTO03','736941','80000','2020-11-11','963147852','17133297'),
('954RG24UY','216456','80000','2015-01-24','852496031','17133298'),
('SU98524UO','365412','100000','2015-01-23','321456078','17133299'),
('O7UH98745','842369','100000','2020-09-30','963021478','17133300'),
('YH96314UG','741963','80000','2003-02-02','852479631','17133301'),
('LO143VEU24','831143','120000','2019-08-06','963014782','17133302'),
('UR7845RU0','749852','80000','2008-09-09','963214785','17133303'),
('78AUD85206','526295','80000','2001-09-09','852963147','17133305'),
('CAD852094','741358','60000','2020-11-10','964758213','17133306'),
('UYI96321BN','102456','80000','2020-08-24','856471239','17133307'),
('8304TYI740','410520','60000','2020-11-10','964758213','17133308'),
('831LO143VE','141831','90000','2020-02-20','856314721','17133309'),
('CQA85644OU','152471','140000','2011-12-28','632124785','17133310');

insert into t14_PREMIUM_PAYMENT
Values
('AIR963TU4U','62669','800000000','2011-12-04','963201470','17133311'),
('AIR963TU3U','62670','800000000','2014-12-04','963201471','17133311'),
('AIR963TU5U','62671','800000000','2020-08-29','963201472','17133311'),
('DECAIR785I','62672','800000000','2004-11-20','869201490','17133312'),
('DECAIR786I','62673','800000000','2008-11-29','869201491','17133312'),
('DECAIR787I','62674','800000000','2018-08-20','869201492','17133312'),
('KINGIN8520','62675','800000000','2012-11-20','654201141','17133313'),
('KINGIN8521','62676','800000000','2016-08-29','654201142','17133313'),
('KINGIN8522','62678','800000000','2019-10-30','654201143','17133313');
insert into t14_receipt
Values
('964585200','2019-08-25 03:23:45','800000000','AIR963TU4U','17133311','154512'),
('964532102','2018-08-25 12:03:15','80000','88514CAR4','17133293','852065'),
('852014790','2011-11-22 14:42:10','100000','49634IOUR4','17133294','185246'),
('654789213','2004-11-11 01:15:52','80000','CAR8547390','17133296','746982'),
('963147852','2020-11-11 21:42:12','80000','8671AUTO03','17133297','736941'),
('852496031','2015-01-24 18:32:02','80000','954RG24UY','17133298','216456'),
('321456078','2015-01-23 07:15:25','100000','SU98524UO','17133299','365412'),
('963021478','2020-09-30 03:21;34','100000','O7UH98745','17133300','842369'),
('852479631','2020-02-02 14:42:10','80000','YH96314UG','17133301','741963'),
('963014782','2019-08-06 05:52:12','120000','LO143VEU24','17133302','831143'),
('963214785','2008-09-09 09:46:20','80000','UR7845RU0','17133303','749852'),
('852963147','2001-09-09 22:13:37','80000','78AUD85206','17133305','526295'),
('964758213','2020-11-10 20:34:56','60000','CAD852094','17133306','741358'),
('856471239','2020-08-29 19:56:23','80000','UYI96321BN','17133307','102456'),
('964758213','2020-11-10 16:34:54','60000','8304TYI740','17133308','410520'),
('856314721','2019-02-20 13:35:36','90000','831LO143VE','17133309','144831'),
('632124785','2020-12-28 10:25:33','140000','CQA85644OU','17133310','152471'),
('634578345','2020-03-15 16:34:32','800000000','DECAIR786I','17133312','258963'),
('634578357','2020-05-13 12:38:32','800000000','KINGIN8521','17133313','961978');


insert into t14_vehicle_service
values
('Automtive Garage','Krishna Nagar','9989953300','Veera','car','TRAVEL','831143'),
('Car Doctors','Lakshmi Nagar','9877651587','Sunil','van','TRAVEL','736941'),
('Mr.Automotive','Gandhi Street','7893134145','Murali','car','VEHICLE','741358'),
('Car Whisperer','Abanna Colony','9370617782','Giri','van','VEHICLE','741963'),
('Axel Auto','Bazaar Street','9978861881','Lavan','bike','TRAVEL','102456'),
('Car collective','Shop Street','7600928372','Deepak','bike','HEALTH','152471'),
('Star Automotive','Garage colony','8072678922','Mohit','auto','HOME','185246'),
('Goldmedal Garage','RTC colony','9370889476','Rajan','car','HOME','141831'),
('Automotive Experts','NGO colony','9381641731','Likith','auto','HEALTH','842369'),
('Innovative Auto','Kaapu Street','8867852524','Muni','bike','VEHICLE','749852'),
('Corner Automotive','Temple Street','9953625224','Chandu','bike','PET','746982'),
('Car Caretakers','Sridevi Nagar','9866375218','Dinesh','car','TRAVEL','216456'),
('Allstar Auto','Dev Colony','9700888834','Akhil','bike','VEHICLE','102456'),
('Trusted Garage','Srinivasam','7600217324','Abhi','auto','LIFE','410520'),
('Four Wheels','MSD Street','9876543210','Sohel','van','VEHICLE','520630');

insert into t14_staff
values('ABC','Hari','Prasad','Krishna Nagar',963852741,'M','Single','Indian','B.Tech',12345678,19000250,'TATA'),
('ABE','Sai','Teja','MSM Nagar',951357840,'M','Single','Indian','B.Tech',96385214,2020225,'RELIANCE'),
('ABCD','Rohit','Kumar','Laksmi Nagar',903216548,'M','Married','Indian','BA',74185236,2021355,'ORIENTAL'),
('ABEF','Sai','Krishna','Abanna Colony',733556622,'M','Single','Indian','M.Tech',85203164,1834502,'KOTAK'),
('AGC','Subba','Lakshmi','RTC Colony',885577606,'F','Married','Indian','B.Tech',96302581,1852369,'ICICI'),
('ACJ','Swathi','Reddy','Bazzar Street',993356422,'F','Married','Indian','BCA',74125896,1963254,'NATIONAL'),
('ASD','Chand','Basha','Shop Street',852963741,'M','Single','UK','MBA',63012584,2025896,'LIBERTY'),
('AZXC','Jaya','Sree','NGO Colony',741852096,'F','Single','Indian','B.Tech',78946321,1740258,'L AND T'),
('ASDF','Joseph','Path','Garage Colony',901234567,'M','Single','USA','B.Tech',95123657,1745698,'BHARATHI'),
('AQWE','Vijay','Kumar','Sridevi Nagar',630912393,'M','Married','Indian','B.Tech',75369510,1825471,'CHOLA'),
('AWER','Sai','Charan','Dev Colony',630114393,'M','Married','Indian','M.Tech',99552360,1902587,'SBI'),
('QSC','Jeevan','Kumar','Razak Colony',985575158,'M','Single','Indian','B.Tech',78632501,2021223,'RELIANCE'),
('ZXCV','Supriya','Reddy','Balaji Colony',998925330,'F','Single','Indian','BBA',98456321,1987423,'TATA'),
('MNBV','Veda','Vyas','Temple Street',939133583,'M','Single','Indian','MBA',95147326,1800334,'HDFC ERGO'),
('LKJH','Sravan','Kumar','Kaapu Stret',897851414,'M','Single','Indian','B.Tech',84466220,2105896,'BAJAJ'),
('POIU','Vasu','Dev','SBI Colony',738287837,'M','Single','Indian','M.Tech',99475330,1603214,'ICICI');


insert into t14_insurance_policy
values('ASDFG','VEHICLE','AP18020EF','2020-10-10','2021-01-20','To contact you through SMS and email for policy reminder notices, claims processing','49634IOUR4','17133294'),
('LKJHG','VEHICLE','AP18021EF','1999-09-20','2000-09-19','To contact you through SMS and email for policy reminder notices, claims processing','78AUD85206','17133305'),
('QWER','TRAVEL','AP18022EF','2002-12-23','2003-12-22','To contact you through SMS and email for policy reminder notices, claims processing','831LO143VE','17133309'),
('QWERTY','HOME','AP18023EF','2020-05-19','2020-11-18','To contact you through SMS and email for policy reminder notices, claims processing','8596RU14OG','17133308'),
('POIUY','VEHICLE','AP18024EF','2003-10-30','2004-06-29','To contact you through SMS and email for policy reminder notices, claims processing','8671AUTO03','17133297'),
('MNBVC','HEALTH','AP18025EF','2020-09-03','2021-04-02','To contact you through SMS and email for policy reminder notices, claims processing','88514CAR4','17133293'),
('ZXCVB','VEHICLE','AP18026EF','2009-04-17','2010-04-16','To contact you through SMS and email for policy reminder notices, claims processing','954RG24UY','17133298'),
('MLPOI','TRAVEL','AP18027EF','2020-10-25','2021-02-24','To contact you through SMS and email for policy reminder notices, claims processing','CAD852094','17133306'),
('BHFD','LIFE','AP18028EF','2001-07-22','2003-07-21','To contact you through SMS and email for policy reminder notices, claims processing','831LO143VE','17133309'),
('WDVB','LIFE','AP18029EF','2005-05-20','2006-01-19','To contact you through SMS and email for policy reminder notices, claims processing','8671AUTO03','17133297'),
('QSXZ','TRAVEL','AP18030EF','2020-10-21','2021-03-20','To contact you through SMS and email for policy reminder notices, claims processing','CAR8547390','17133296'),
('ASDW','PET','AP18040EF','2020-06-03','2021-06-02','To contact you through SMS and email for policy reminder notices, claims processing','CQA85644OU','17133310'),
('WASD','HOME','TN19050SD','2019-09-23','2020-05-22','To contact you through SMS and email for policy reminder notices, claims processing','LO143VEU24','17133302'),
('SADW','VEHICLE','KN19060AS','2020-10-10','2021-02-28','To contact you through SMS and email for policy reminder notices, claims processing','UR7845RU0','17133303'),
('DSWA','HEALTH','MN20080SW','2020-08-05','2021-08-04','To contact you through SMS and email for policy reminder notices, claims processing','YH96314UG','17133301');


insert into t14_claim
values('QAZSD','ASDFG',55000,'1023FGD','COLLISION','2021-01-20','PROCESSING','17133294'),
('QWEDS','DSWA',24000,'8971RTY','PERSONAL INJURY','2021-08-01','PROCESSING','17133301'),
('LOOKS','LKJHG',50000,'1234JKL','ACCIDENT','2000-09-15','CLAIMED','17133305'),
('STORY','SADW',60000,'7894ASD','NULL','2021-02-24','PROCESSING','17133303'),
('POLUO','QWER',75000,'1234LMN','COLLISION','2003-12-20','CLAIMED','17133309'),
('YTREW','WASD',50000,'7654POI','LIABILITY','2020-05-20','CLAIMED','17133302'),
('WSDRE','QWERTY',45000,'1265POA','LIABILITY','2020-11-15','CLAIMED','17133308'),
('KITER','ASDW',66000,'7654DFG','NULL','2021-06-01','PROCESSING','17133310'),
('LITEE','POIUY',70000,'1298QWE','NULL','2004-06-25','CLAIMED','17133297'),
('COLED','QSXZ',40000,'7654BNM','PERSONAL INJURY','2021-03-20','PROCESSING','17133296'),
('CHEES','MNBVC',35000,'3456ABC','COMPREHENSIVE','2021-04-02','PROCESSING','17133293'),
('ROART','WDVB',40000,'7631WAD','NULL','2006-01-15','CLAIMED','17133297'),
('DONSE','MLPOI',45000,'4567HGF','COMPREHENSIVE','2021-02-24','PROCESSING','17133306'),
('ROPER','ZXCVB',60000,'4561XYZ','LIABILITY','2010-04-15','CLAIMED','17133298'),
('TIPTF','BHFD',75000,'3987HJK','TOWING AND LABOUR','2003-07-15','CLAIMED','17133309');


insert into t14_product
values(80000,'Vehicle','95147','BAJAJ'),
(60000,'Vehicle','98547','BHARATHI'),
(95000,'Vehicle','85204','CHOLA'),
(45000,'Vehicle','96314','HDFC ERGO'),
(75000,'Vehicle','36547','ICICI'),
(85000,'Vehicle','54782','KOTAK'),
(100000,'Vehicle','64758','L AND T'),
(120000,'Vehicle','36547','LIBERTY'),
(40000,'Vehicle','20580','MAGMA'),
(60000,'Vehicle','65478','NATIONAL'),
(40000,'Vehicle','96314','ORIENTAL'),
(80000,'Vehicle','65432','RELIANCE'),
(150000,'Vehicle','45632','ROYAL'),
(90000,'Vehicle','20507','SBI'),
(70000,'Vehicle','75328','SHRIRAM'),
(180000,'Vehicle','65432','TATA'),
(200000,'Vehicle','12478','UNITED INDIA'),
(150000,'Vehicle','45601','UNIVERSAL');

insert into t14_policy_renewable
values('BRAIS','2020-10-10','MONTHLY','ASDFG','49634IOUR4','17133294'),
('DEULL','2001-07-22','YEARLY','BHFD','831LO143VE','17133309'),
('SAMSU','2020-08-05','YEARLY','DSWA','YH96314UG','17133301'),
('REMID','2009-04-17','YEARLY','ZXCVB','954RG24UY','17133298'),
('RELME','1999-09-20','YEARLY','LKJHG','78AUD85206','17133305'),
('POPPO','2020-10-25','MONTHLY','MLPOI','CAD852094','17133306'),
('IPONE','2020-10-10','MONTHLY','SADW','UR7845RU0','17133303'),
('HAYPP','2005-05-20','MONTHLY','WDVB','8671AUTO03','17133297'),
('SODNS','2002-12-23','YEARLY','QWER','831LO143VE','17133309'),
('BAAHS','2020-09-03','YEARLY','MNBVC','88514CAR4','17133293'),
('LONES','2020-05-19','MONTHLY','QWERTY','8596RU14OG','17133308'),
('PONEX','2020-10-21','MONTHLY','QSXZ','CAR8547390','17133296'),
('LOWWD','2020-06-03','YEARLY','ASDW','CQA85644OU','17133310'),
('PORAA','2003-10-30','MONTHLY','POIUY','8671AUTO03','17133297');

insert into t14_office
values('VIJAYAWADA AP','VENKAT','PH-87486347','PORANKI',100000,'MANAGER','HEALTH','BAJAJ'),
('VIZAG AP','ANU','PH-67467236','NAD JUNCTION',200000,'MANAGER','VEHICLE','BHARATHI'),
('NELLORE AP','LOKESH','PH-9834848','VENKATAGIRI',2387900,NULL,'LIFE','CHOLA'),
('DHARWAD AREA','SUDEEP','PH-287387','SHIRUR PARK',125000,'EMPLOYEE','HOME','ICICI'),
('BENGALURU OFFICE','TARAK','PH-2878743','IISC ROAD',1234500,NULL,'TRAVEL','LIBERTY'),
('GOA OFFICE','VASCO','PH-8748347','FRENCH COLONY',980000,'2ND GRADE STAFF UNDER MAANGER','PET','NATIONAL'),
('NOIDA OFFICE','MODI','PH-38748743','BESIDE PMO',70000,NULL,'HEALTH','ORIENTAL'),
('AGRA OFFICE','GEETHA','PH-48348347','OPP TAJ MAHAL',250000,'HEAD OF DEPARTMENT MANAGES WORK','VEHICLE','RELIANCE'),
('TIRUPATI AP','AVINASH','PH-37847834','OPP TEMPLE',478000,NULL,'LIFE','ROYAL'),
('BHOPAL OFFICE','BHAVYA','PH-3823877','BESIDE IIITBHOPAL',235000,'SUB ORDINATE UNDER MANAGER','HOME','SBI'),
('CHENNAI OFFICE','VIJAY','PH-38748347','MARINA OPP',450000,'HEAD CEO','TRAVEL','SHRIRAM'),
('HYDERBAD OFFICE','CHANDRA','PH-832738','CYBERABAD',650000,NULL,'PET','TATA'),
('PATNA OFFICE','SRIKAR','PH-2878367','BESIDE IIT',9800005,'MANAGER','VEHICLE','KOTAK');


insert into t14_qu0te 
Values('AIP963','2020-10-10','2020-10-10','2021-01-20','insurance','85545EKJF','as said before','49634IOUR4','17133294'),
('AIP964','2020-06-03','2020-06-03','2021-06-02','insurance','LREJGG9634','as said before','CQA85644OU','17133310'),
('AIP965','2001-07-22','2001-07-22','2003-07-21','insurance','ODJFFSD8520','as said before','831LO143VE','17133309'),
('AIP966','2020-08-05','2020-08-05','2021-08-04','insurance','LISFC963210','as said before','YH96314UG','17133301'),
('AIP967','1999-09-20','1999-09-20','2000-09-19','insurance','KJDSH96321','as said before','78AUD85206','17133305'),
('AIP968','2020-10-25','2020-10-25','2021-02-24','insurance','IUYDG51640','as said before','CAD852094','17133306'),
('AIP969','2020-09-03','2020-09-03','2021-04-02','insurance','KJAHDS5462','as said before','88514CAR4','17133293'),
('AIP970','2003-10-30','2003-10-30','2004-06-29','insurance','AKJSB3214','as said before','8671AUTO03','17133297'),
('AIP971','2020-10-21','2020-10-21','2021-03-20','insurance','73GFJGA9E','as said before','CAR8547390','17133296'),
('AIP972','2002-12-23','2002-12-23','2003-12-22','insurance','43Y6IEFGF','as said before','831LO143VE','17133309'),
('AIP973','2020-05-19','2020-05-19','2020-11-18','insurance','WLEHF8374','as said before','8596RU14OG','17133308'),
('AIP974','2020-10-10','2020-10-10','2021-02-28','insurance','LJRFGH749','as said before','UR7845RU0','17133303'),
('AIP975','2019-09-23','2019-09-23','2020-05-22','insurance','DTFGY8RE9','as said before','LO143VEU24','17133302'),
('AIP976','2005-05-20','2005-05-20','2006-01-19','insurance','654AHGF55','as said before','8671AUTO03','17133297'),
('AIP977','2009-04-17','2009-04-17','2010-04-20','insurance','564LKJADQ','as said before','954RG24UY','17133298');

select * from t14_customer;
select * from t14_qu0te;
insert into t14_nok
Values('ASJ8551','Srinu','36-1,Batnavilli,Ap','725424155','M','Married','ASDFG','49634IOUR4','17133294'),
('HFDJG85','Venkat','545-1,Ladakh,J&K','725456440','M','Single','ASDW','CQA85644OU','17133310'),
('LUVU831','Avinash','55-1,Agra,UP','851455214','M','Single','BHFD','831LO143VE','17133309'),
('HFDJG86','Deepthi','5-1,Dwaraka,Gj','925446440','F','Single','DSWA','YH96314UG','17133301'),
('EHF4815','Datla Uma','55-1,Imphal,MP','925454470','M','Married','LKJHG','78AUD85206','17133305'),
('IKSD652','Dhatri Prakruthi','24-6,Patna,Bihar','897128412','F','Single','MLPOI','CAD852094','17133306'),
('ONVS480','Pranav','36-5,Kadapa,Ap','81878149','M','Single','MNBVC','88514CAR4','17133293'),
('UIHE454','Viswanadh','6-5,Banglore,Kr','81878147','M','Single','POIUY','8671AUTO03','17133297'),
('HUDIW56','Akhil','3-5,chennai,TN','641521521','M','Single','QSXZ','CAR8547390','17133296'),
('LUVU143','Avinash','55-1,Agra,UP','851455214','M','Single','QWER','831LO143VE','17133309');

insert into t14_coverage
values('AZBY',900000000,'LIABILITY','LIABILITY','12478','Insurance coverage is the amount of risk or liability','To contact you through SMS and emai','UNITED INDIA'),
('ABZY',900000000,'COLLISION','COLLISION','98547','Insurance coverage is the amount of risk or liability','To contact you through SMS and email ','BHARATHI'),
('ACZX',900000000,'COLLISION','COLLISION','96314','Insurance coverage is the amount of risk or liability','To contact you through SMS and email ','ORIENTAL'),
('AABA',900000000,'LIABILITY','LIABILITY','20507','Insurance coverage is the amount of risk or liability','To contact you through SMS and email ','SBI'),
('BBAB',900000000,'MEDICAL','MEDICAL','20580','Insurance coverage is the amount of risk or liability','To contact you through SMS and email ','MAGMA'),
('DELL',900000000,'COLLISION','COLLISION','96314','Insurance coverage is the amount of risk or liability','To contact you through SMS and email ','HDFC ERGO'),
('LLOY',900000000,'MEDICAL','MEDICAL','36547','Insurance coverage is the amount of risk or liability','To contact you through SMS and email ','ICICI'),
('ZYBA',900000000,'COLLISION','COLLISION','36547','Insurance coverage is the amount of risk or liability','To contact you through SMS and email ','LIBERTY'),
('CDDC',900000000,'LIABILITY','LIABILITY','85204','Insurance coverage is the amount of risk or liability','To contact you through SMS and email ','CHOLA'),
('SARE',900000000,'COLLISION','COLLISION','95147','Insurance coverage is the amount of risk or liability','To contact you through SMS and email ','BAJAJ'),
('HMMK',900000000,'COLLISION','COLLISION','45601','Insurance coverage is the amount of risk or liability','To contact you through SMS and email ','UNIVERSAL'),
('OKAY',900000000,'LIABILITY','LIABILITY','45632','Insurance coverage is the amount of risk or liability','To contact you through SMS and email ','ROYAL'),
('GOVT',900000000,'COLLISION','COLLISION','65432','Insurance coverage is the amount of risk or liability','To contact you through SMS and email ','RELIANCE'),
('PRIV',900000000,'COLLISION','COLLISION','65432','Insurance coverage is the amount of risk or liability','To contact you through SMS and email ','TATA'),
('CLGG',900000000,'MEDICAL','MEDICAL','65478','Insurance coverage is the amount of risk or liability','To contact you through SMS and email','NATIONAL');

insert into t14_product
values('200000','HEALTH','ABCDEF','KOTAK'),
('800000','LIFE','ABSHJHD','KOTAK'),
('800000','LIFE','ABSUHOW','KOTAK'),
('200000','VEHICLE','ABCDEGFG','ROYAL'),
('300000','HEALTH','ABCDEF','ROYAL'),
('800000','LIFE','ABSHJHD','RELIANCE'),
('100000','TRAVEL','HSJDHJ','RELIANCE'),
('200000','HEALTH','ABCOSD','KOTAK'),
('800000','LIFE','ABSHJHD','SBI'),
('200000','HEALTH','ABCDEFKI','ROYAL'),
('100000','TRAVEL','ROLHUEF','RELIANCE'),
('80000','VEHICLE','ABCDEGFG','SBI'),
('2000000','HOME','ABJDSJ','SBI');

update t14_claim
set Claim_Amount = 850000000
where Claim_Amount > 35000;


select Cust_Id from t14_customer where Cust_Id in
(select  Cust_Id from t14_vehicle group by Cust_Id
having  count(Vehicle_Id)>1 order by  Cust_Id);

select * from t14_insurance_company,t14_department ,t14_product where t14_insurance_company.Company_Name = t14_department.Company_Name
group by t14_department.Company_Name having count(t14_department.Company_Name)< t14_product.Product_Number;


select * from t14_insurance_policy_coverage  ;



insert into t14_insurance_policy_coverage 
values('ASDFG','49634IOUR4','17133294','AZBY','UNITED INDIA'),
('BHFD','831LO143VE','17133309','CLGG','NATIONAL'),
('DSWA','YH96314UG','17133301','ABZY','BHARATHI'),
('ZXCVB','954RG24UY','17133298','PRIV','TATA'),
('LKJHG','78AUD85206','17133305','ACZX','ORIENTAL'),
('MLPOI','CAD852094','17133306','GOVT','RELIANCE'),
('SADW','UR7845RU0','17133303','AABA','SBI'),
('WDVB','8671AUTO03','17133297','OKAY','ROYAL'),
('QWER','831LO143VE','17133309','BBAB','MAGMA'),
('MNBVC','88514CAR4','17133293','HMMK','UNIVERSAL'),
('QWERTY','8596RU14OG','17133308','DELL','HDFC ERGO'),
('QSXZ','CAR8547390','17133296','SARE','BAJAJ'),
('ASDW','CQA85644OU','17133310','LLOY','ICICI'),
('POIUY','8671AUTO03','17133297','CDDC','CHOLA');

insert into t14_claim_settlement
Values
('DFH973S','736941','2004-06-25','70000','CDDC','LITEE','17133297'),
('HGF5547','526295','2000-09-15','50000','ACZX','LOOKS','17133305'),
('HSGSO58','141831','2003-12-20','75000','BBAB','POLUO','17133309'),
('ODUFH63','185246','2021-01-20','55000','AZBY','QAZSD','17133294'),
('OAHSF56','741963','2021-08-01','24000','ABZY','QWEDS','17133301'),
('IJSDF43','737895','2006-01-15','40000','OKAY','ROART','17133297'),
('OKEY456','216456','2010-04-15','60000','PRIV','ROPER','17133298'),
('POUS654','749852','2021-02-24','60000','AABA','STORY','17133303'),
('LOV7541','144831','2003-07-15','75000','CLGG','TIPTF','17133309'),
('UYTP520','410520','2020-11-15','45000','DELL','WSDRE','17133308');

# Query1:
 
select * from t14_customer inner join t14_vehicle on t14_vehicle.Cust_Id = t14_customer.Cust_Id where t14_customer.Cust_Id  in
(select t14_claim.Cust_Id from t14_claim,t14_incident_report  where t14_claim.Cust_Id=t14_incident_report.Cust_Id and t14_claim.Claim_Status = 'PROCESSING' ) ;

# Query 2

select * from t14_customer where t14_customer.Cust_Id in 
(select Cust_Id from t14_premium_payment where t14_premium_payment.Premium_Payment_Amount>(select cast((select sum(Cust_Id) from t14_customer) as unsigned)) );


# Query 3

create table temp
(
	name varchar(20) not null,
    nod int not null,
    nop int not null
);
insert into temp
select t14_insurance_company.Company_Name,count(t14_department.Company_Name),(select count(t14_product.Company_Name) from t14_product where t14_product.Company_Name=t14_insurance_company.Company_Name group by t14_product.Company_Name) from t14_insurance_company
inner join t14_department on t14_insurance_company.Company_Name=t14_department.Company_Name group by t14_department.Company_Name;

select * from t14_insurance_company where Company_Name in
(select name from temp where nod>nop and nod > 1);
delete  from temp;


#  Query 4

create table temp1
(
	name varchar(20) not null,
    nov int  null,
    nop int  null
);

insert into temp1
select t14_customer.Cust_Id,count(t14_vehicle.Cust_Id),(select count(t14_receipt.Cust_Id) from t14_receipt where t14_receipt.Cust_Id=t14_customer.Cust_Id group by t14_receipt.Cust_Id) from t14_customer 
inner join
t14_vehicle on t14_customer.Cust_Id = t14_vehicle.Cust_Id
group by t14_vehicle.Cust_Id;
select * from t14_customer where Cust_Id in
(select name from temp1 where nov>nop and nov > 1 );
delete from temp1;

# Query 5 

select * from t14_vehicle,t14_receipt, t14_premium_payment where t14_vehicle.Vehicle_Id =t14_receipt.Vehicle_Id and
 t14_receipt.Premium_Payment_Id = t14_premium_payment.Premium_Payment_Id and 
t14_premium_payment.Premium_Payment_Amount > t14_vehicle.Vehicle_Number;


# Query 6 

select * from t14_customer where Cust_Id in
(select Cust_Id from t14_application
where Application_Id in ( select Application_Id from t14_insurance_policy_coverage where 
Coverage_Id in( select t14_coverage.Coverage_Id from t14_coverage,t14_claim ,t14_claim_settlement where t14_coverage.Coverage_Amount > t14_claim.Claim_Amount and  t14_claim.Claim_Amount>(t14_claim_settlement.Claim_Id+t14_claim_settlement.Claim_Settlement_Id+t14_claim_settlement.Cust_Id+t14_claim_settlement.Vehicle_Id))));



 select t14_claim_settlement.Cust_Id from t14_claim_settlement ,t14_coverage where t14_coverage.Coverage_Id=t14_claim_settlement.Coverage_Id ;




select * from t14_application;
select * from t14_claim;
select * from t14_claim_settlement;
select * from t14_coverage;
select * from t14_customer;
select * from t14_department;
select * from t14_incident;
select * from t14_incident_report;
select * from t14_insurance_company;
select * from t14_insurance_policy;
select * from t14_insurance_policy_coverage;
select * from t14_membership;
select * from t14_nok;
select * from t14_office;
select * from t14_policy_renewable;
select * from t14_premium_payment;
select * from t14_product;
select * from t14_qu0te;
select * from t14_receipt;
select * from t14_staff;
select * from t14_vehicle;




