Application_Id,Vehicle_Id,Application_Status,Coverage,Cust_Id
49634IOUR4,185246,Old,"Personal Injury",17133294
78AUD85206,526295,Retired,"Liability Coverage",17133305
831LO143VE,141831,Active,"Personal Injury",17133309
8596RU14OG,410520,Old,"Collision Coverage",17133308
8671AUTO03,736941,Pending,"Liability Coverage",17133297
88514CAR4,852065,Active,"Liability Coverage",17133293
954RG24UY,216456,Old,"Personal Injury",17133298
CAD852094,741358,Pending,"Collision Coverage",17133306
CAR8547390,746982,Retired,"Collision Coverage",17133296
CQA85644OU,152471,Retired,"Liability Coverage",17133310
LO143VEU24,831143,Active,"Personal Injury",17133302
O7UH98745,842369,Pending,"Liability Coverage",17133300
UR7845RU0,749852,Old,"Collision Coverage",17133303
YH96314UG,741963,Retired,"Collision Coverage",17133301
