Claim_Id,Agreement_Id,Claim_Amount,Incident_Id,Damage_Type,Date_Of_Claim,Claim_Status,Cust_Id
CHEES,MNBVC,35000,3456ABC,COMPREHENSIVE,2021-04-02,PROCESSING,17133293
COLED,QSXZ,850000000,7654BNM,"PERSONAL INJURY",2021-03-20,PROCESSING,17133296
DONSE,MLPOI,850000000,4567HGF,COMPREHENSIVE,2021-02-24,PROCESSING,17133306
KITER,ASDW,850000000,7654DFG,NULL,2021-06-01,PROCESSING,17133310
LITEE,POIUY,850000000,1298QWE,NULL,2004-06-25,CLAIMED,17133297
LOOKS,LKJHG,850000000,1234JKL,ACCIDENT,2000-09-15,CLAIMED,17133305
POLUO,QWER,850000000,1234LMN,COLLISION,2003-12-20,CLAIMED,17133309
QAZSD,ASDFG,850000000,1023FGD,COLLISION,2021-01-20,PROCESSING,17133294
QWEDS,DSWA,24000,8971RTY,"PERSONAL INJURY",2021-08-01,PROCESSING,17133301
ROART,WDVB,850000000,7631WAD,NULL,2006-01-15,CLAIMED,17133297
ROPER,ZXCVB,850000000,4561XYZ,LIABILITY,2010-04-15,CLAIMED,17133298
STORY,SADW,850000000,7894ASD,NULL,2021-02-24,PROCESSING,17133303
TIPTF,BHFD,850000000,3987HJK,"TOWING AND LABOUR",2003-07-15,CLAIMED,17133309
WSDRE,QWERTY,850000000,1265POA,LIABILITY,2020-11-15,CLAIMED,17133308
YTREW,WASD,850000000,7654POI,LIABILITY,2020-05-20,CLAIMED,17133302
