Claim_Settlement_Id,Vehicle_Id,Date_Settled,Amount_Paid,Coverage_Id,Claim_Id,Cust_Id
DFH973S,736941,2004-06-25,70000,CDDC,LITEE,17133297
FDHIU20,152471,2021-06-01,66000,LLOY,KITER,17133310
HGF5547,526295,2000-09-15,50000,ACZX,LOOKS,17133305
HNDGF54,741358,2021-02-25,45000,GOVT,DONSE,17133306
HSGSO58,141831,2003-12-20,75000,BBAB,POLUO,17133309
HUISAH4,746982,2021-03-21,40000,SARE,COLED,17133296
IJSDF43,737895,2006-01-15,40000,OKAY,ROART,17133297
LOV7541,144831,2003-07-15,75000,CLGG,TIPTF,17133309
OAHSF56,741963,2021-08-01,24000,ABZY,QWEDS,17133301
ODUFH63,185246,2021-01-20,55000,AZBY,QAZSD,17133294
OKEY456,216456,2010-04-15,60000,PRIV,ROPER,17133298
POUS654,749852,2021-02-24,60000,AABA,STORY,17133303
SHGD454,852065,2021-04-02,35000,HMMK,CHEES,17133293
UYTP520,410520,2020-11-15,45000,DELL,WSDRE,17133308
