Coverage_Id,Coverage_Amount,Coverage_Type,Coverage_Level,Product_Id,Coverage_Description,Covearge_Terms,Company_Name
AABA,900000000,LIABILITY,LIABILITY,20507,"Insurance coverage is the amount of risk or liability","To contact you through SMS and email ",SBI
ABZY,900000000,COLLISION,COLLISION,98547,"Insurance coverage is the amount of risk or liability","To contact you through SMS and email ",BHARATHI
ACZX,900000000,COLLISION,COLLISION,96314,"Insurance coverage is the amount of risk or liability","To contact you through SMS and email ",ORIENTAL
AZBY,900000000,LIABILITY,LIABILITY,12478,"Insurance coverage is the amount of risk or liability","To contact you through SMS and emai","UNITED INDIA"
BBAB,900000000,MEDICAL,MEDICAL,20580,"Insurance coverage is the amount of risk or liability","To contact you through SMS and email ",MAGMA
CDDC,900000000,LIABILITY,LIABILITY,85204,"Insurance coverage is the amount of risk or liability","To contact you through SMS and email ",CHOLA
CLGG,900000000,MEDICAL,MEDICAL,65478,"Insurance coverage is the amount of risk or liability","To contact you through SMS and email",NATIONAL
DELL,900000000,COLLISION,COLLISION,96314,"Insurance coverage is the amount of risk or liability","To contact you through SMS and email ","HDFC ERGO"
GOVT,900000000,COLLISION,COLLISION,65432,"Insurance coverage is the amount of risk or liability","To contact you through SMS and email ",RELIANCE
HMMK,900000000,COLLISION,COLLISION,45601,"Insurance coverage is the amount of risk or liability","To contact you through SMS and email ",UNIVERSAL
LLOY,900000000,MEDICAL,MEDICAL,36547,"Insurance coverage is the amount of risk or liability","To contact you through SMS and email ",ICICI
OKAY,900000000,LIABILITY,LIABILITY,45632,"Insurance coverage is the amount of risk or liability","To contact you through SMS and email ",ROYAL
PRIV,900000000,COLLISION,COLLISION,65432,"Insurance coverage is the amount of risk or liability","To contact you through SMS and email ",TATA
SARE,900000000,COLLISION,COLLISION,95147,"Insurance coverage is the amount of risk or liability","To contact you through SMS and email ",BAJAJ
ZYBA,900000000,COLLISION,COLLISION,36547,"Insurance coverage is the amount of risk or liability","To contact you through SMS and email ",LIBERTY
