Department_Name,Department_ID,Department_Staff,Department_Offices,Company_Name
HEALTH,ABCDEF,LOKESH,MUMBAI,KOTAK
HEALTH,ABCDEF,VAISHNAVI,KOLKATA,ROYAL
HEALTH,ABCDEF,NIKHIL,PUNE,TATA
HOME,ABJDSJ,SAHITHI,MUMBAI,ICICI
HOME,ABJDSJ,KALYAN,VIJAYAWADA,SBI
HOME,ABJDSJ,NIVETHA,DELHI,TATA
LIFE,ABSHJHD,NULL,HUBBALI,KOTAK
LIFE,ABSHJHD,PALLAVI,PALAKADD,RELIANCE
LIFE,ABSHJHD,NULL,DELHI,SBI
PET,FJHDFJ,PALLAVI,KOTTYAM,RELIANCE
TRAVEL,HSJDHJ,BHAGI,PANAJI,RELIANCE
TRAVEL,HSJDHJ,NAVYA,RAIPUR,ROYAL
VEHICLE,ABCDEGFG,SHANNU,HYDERABAD,ICICI
VEHICLE,ABCDEGFG,ADITYA,MUMBAI,KOTAK
VEHICLE,ABCDEGFG,RAJINI,CHENNAI,ROYAL
VEHICLE,ABCDEGFG,GANESH,DELHI,SBI
