Incident_Id,Incident_Type,Incident_Date,Description
1023FGD,COLLISION,2009-12-12,"SERIOUS COLLISION BETWEEN LORRY AND CAR"
1234JKL,ACCIDENT,1997-12-27,"OVERSPEEDING CAUSED SERIOUS ATTACK"
1234LMN,COLLISION,2000-06-21,"CAR HAD MET WITH AN COLLISION"
1265POA,LIABILITY,2015-09-28,"BIG ACCIDENT CAUSED DUE TO PHONE DURING DRIVING"
1298QWE,NULL,2002-12-24,NULL
3456ABC,COMPREHENSIVE,2001-07-24,NULL
3456ERQ,NULL,2005-02-18,NULL
3456REW,GAP,2010-12-13,NULL
3678ABD,COMPREHENSIVE,2009-10-23,"DAMAGE RECOVER TO INCLUDING VANDALISM"
3987HJK,"TOWING AND LABOUR",2004-12-11,NULL
4561XYZ,LIABILITY,2004-04-12,"COVER DAMAGES FOR INJURIES AND PROPERTY DAMAGES"
4567HGF,COMPREHENSIVE,1998-06-06,"SERIOUS ACCIDENT ON NH5"
7631WAD,NULL,2000-10-21,NULL
7654BNM,"PERSONAL INJURY",2006-12-30,"WITNESS NAMES-LOKESH,AVINASH"
7654DFG,NULL,2011-02-12,NULL
7654POI,LIABILITY,1999-09-12,NULL
7894ASD,NULL,2003-03-16,NULL
8971RTY,"PERSONAL INJURY",2001-05-06,"ACCIDENT TAKES PLACE HEAVILY PERSON GOT INJURED"
