Agreement_id,Department_Name,Policy_Number,Start_Date,Expiry_Date,Term_Condition_Description,Application_Id,Cust_Id
ASDFG,VEHICLE,AP18020EF,2020-10-10,2021-01-20,"To contact you through SMS and email for policy reminder notices, claims processing",49634IOUR4,17133294
ASDW,PET,AP18040EF,2020-06-03,2021-06-02,"To contact you through SMS and email for policy reminder notices, claims processing",CQA85644OU,17133310
BHFD,LIFE,AP18028EF,2001-07-22,2003-07-21,"To contact you through SMS and email for policy reminder notices, claims processing",831LO143VE,17133309
DSWA,HEALTH,MN20080SW,2020-08-05,2021-08-04,"To contact you through SMS and email for policy reminder notices, claims processing",YH96314UG,17133301
LKJHG,VEHICLE,AP18021EF,1999-09-20,2000-09-19,"To contact you through SMS and email for policy reminder notices, claims processing",78AUD85206,17133305
MLPOI,TRAVEL,AP18027EF,2020-10-25,2021-02-24,"To contact you through SMS and email for policy reminder notices, claims processing",CAD852094,17133306
MNBVC,HEALTH,AP18025EF,2020-09-03,2021-04-02,"To contact you through SMS and email for policy reminder notices, claims processing",88514CAR4,17133293
POIUY,VEHICLE,AP18024EF,2003-10-30,2004-06-29,"To contact you through SMS and email for policy reminder notices, claims processing",8671AUTO03,17133297
QSXZ,TRAVEL,AP18030EF,2020-10-21,2021-03-20,"To contact you through SMS and email for policy reminder notices, claims processing",CAR8547390,17133296
QWER,TRAVEL,AP18022EF,2002-12-23,2003-12-22,"To contact you through SMS and email for policy reminder notices, claims processing",831LO143VE,17133309
QWERTY,HOME,AP18023EF,2020-05-19,2020-11-18,"To contact you through SMS and email for policy reminder notices, claims processing",8596RU14OG,17133308
SADW,VEHICLE,KN19060AS,2020-10-10,2021-02-28,"To contact you through SMS and email for policy reminder notices, claims processing",UR7845RU0,17133303
WASD,HOME,TN19050SD,2019-09-23,2020-05-22,"To contact you through SMS and email for policy reminder notices, claims processing",LO143VEU24,17133302
WDVB,LIFE,AP18029EF,2005-05-20,2006-01-19,"To contact you through SMS and email for policy reminder notices, claims processing",8671AUTO03,17133297
ZXCVB,VEHICLE,AP18026EF,2009-04-17,2010-04-16,"To contact you through SMS and email for policy reminder notices, claims processing",954RG24UY,17133298
