Product_Price,Product_Type,Product_Number,Company_Name
200000,Vehicle,12478,"UNITED INDIA"
90000,Vehicle,20507,SBI
40000,Vehicle,20580,MAGMA
75000,Vehicle,36547,ICICI
120000,Vehicle,36547,LIBERTY
150000,Vehicle,45601,UNIVERSAL
150000,Vehicle,45632,ROYAL
85000,Vehicle,54782,KOTAK
100000,Vehicle,64758,"L AND T"
80000,Vehicle,65432,RELIANCE
180000,Vehicle,65432,TATA
60000,Vehicle,65478,NATIONAL
70000,Vehicle,75328,SHRIRAM
95000,Vehicle,85204,CHOLA
80000,Vehicle,95147,BAJAJ
45000,Vehicle,96314,"HDFC ERGO"
40000,Vehicle,96314,ORIENTAL
60000,Vehicle,98547,BHARATHI
