Quote_Id,Issue_Date,Valid_From_Date,Valid_Till_Date,Description,Product_Id,Coverage_Level,Application_Id,Cust_Id
AIP963,2020-10-10,2020-10-10,2021-01-20,insurance,85545EKJF,"as said before",49634IOUR4,17133294
AIP964,2020-06-03,2020-06-03,2021-06-02,insurance,LREJGG9634,"as said before",CQA85644OU,17133310
AIP965,2001-07-22,2001-07-22,2003-07-21,insurance,ODJFFSD8520,"as said before",831LO143VE,17133309
AIP966,2020-08-05,2020-08-05,2021-08-04,insurance,LISFC963210,"as said before",YH96314UG,17133301
AIP967,1999-09-20,1999-09-20,2000-09-19,insurance,KJDSH96321,"as said before",78AUD85206,17133305
AIP968,2020-10-25,2020-10-25,2021-02-24,insurance,IUYDG51640,"as said before",CAD852094,17133306
AIP969,2020-09-03,2020-09-03,2021-04-02,insurance,KJAHDS5462,"as said before",88514CAR4,17133293
AIP970,2003-10-30,2003-10-30,2004-06-29,insurance,AKJSB3214,"as said before",8671AUTO03,17133297
AIP971,2020-10-21,2020-10-21,2021-03-20,insurance,73GFJGA9E,"as said before",CAR8547390,17133296
AIP972,2002-12-23,2002-12-23,2003-12-22,insurance,43Y6IEFGF,"as said before",831LO143VE,17133309
AIP973,2020-05-19,2020-05-19,2020-11-18,insurance,WLEHF8374,"as said before",8596RU14OG,17133308
AIP974,2020-10-10,2020-10-10,2021-02-28,insurance,LJRFGH749,"as said before",UR7845RU0,17133303
AIP975,2019-09-23,2019-09-23,2020-05-22,insurance,DTFGY8RE9,"as said before",LO143VEU24,17133302
AIP976,2005-05-20,2005-05-20,2006-01-19,insurance,654AHGF55,"as said before",8671AUTO03,17133297
AIP977,2009-04-17,2009-04-17,2010-04-20,insurance,564LKJADQ,"as said before",954RG24UY,17133298
