Staff_Id,Staff_Fname,Staff_LName,Staff_Adress,Staff_Contact,Staff_Gender,Staff_Marital_Status,Staff_Nationality,Staff_Qualification,Staff_Allowance,Staff_PPS_Number,Company_Name
ABC,Hari,Prasad,"Krishna Nagar",963852741,M,Single,Indian,B.Tech,12345678,19000250,TATA
ABCD,Rohit,Kumar,"Laksmi Nagar",903216548,M,Married,Indian,BA,74185236,2021355,ORIENTAL
ABE,Sai,Teja,"MSM Nagar",951357840,M,Single,Indian,B.Tech,96385214,2020225,RELIANCE
ABEF,Sai,Krishna,"Abanna Colony",733556622,M,Single,Indian,M.Tech,85203164,1834502,KOTAK
ACJ,Swathi,Reddy,"Bazzar Street",993356422,F,Married,Indian,BCA,74125896,1963254,NATIONAL
AGC,Subba,Lakshmi,"RTC Colony",885577606,F,Married,Indian,B.Tech,96302581,1852369,ICICI
AQWE,Vijay,Kumar,"Sridevi Nagar",630912393,M,Married,Indian,B.Tech,75369510,1825471,CHOLA
ASD,Chand,Basha,"Shop Street",852963741,M,Single,UK,MBA,63012584,2025896,LIBERTY
ASDF,Joseph,Path,"Garage Colony",901234567,M,Single,USA,B.Tech,95123657,1745698,BHARATHI
AWER,Sai,Charan,"Dev Colony",630114393,M,Married,Indian,M.Tech,99552360,1902587,SBI
AZXC,Jaya,Sree,"NGO Colony",741852096,F,Single,Indian,B.Tech,78946321,1740258,"L AND T"
LKJH,Sravan,Kumar,"Kaapu Stret",897851414,M,Single,Indian,B.Tech,84466220,2105896,BAJAJ
MNBV,Veda,Vyas,"Temple Street",939133583,M,Single,Indian,MBA,95147326,1800334,"HDFC ERGO"
POIU,Vasu,Dev,"SBI Colony",738287837,M,Single,Indian,M.Tech,99475330,1603214,ICICI
QSC,Jeevan,Kumar,"Razak Colony",985575158,M,Single,Indian,B.Tech,78632501,2021223,RELIANCE
ZXCV,Supriya,Reddy,"Balaji Colony",998925330,F,Single,Indian,BBA,98456321,1987423,TATA
