Vehicle_Service_Company_Name,Vehicle_Service_Address,Vehicle_Service_Contact,Vehicle_Service_Incharge,Vehicle_Service_Type,Department_Name,Vehicle_Id
"Allstar Auto","Dev Colony",9700888834,Akhil,bike,VEHICLE,102456
"Automotive Experts","NGO colony",9381641731,Likith,auto,HEALTH,842369
"Automtive Garage","Krishna Nagar",9989953300,Veera,car,TRAVEL,831143
"Axel Auto","Bazaar Street",9978861881,Lavan,bike,TRAVEL,102456
"Car Caretakers","Sridevi Nagar",9866375218,Dinesh,car,TRAVEL,216456
"Car collective","Shop Street",7600928372,Deepak,bike,HEALTH,152471
"Car Doctors","Lakshmi Nagar",9877651587,Sunil,van,TRAVEL,736941
"Car Whisperer","Abanna Colony",9370617782,Giri,van,VEHICLE,741963
"Corner Automotive","Temple Street",9953625224,Chandu,bike,PET,746982
"Four Wheels","MSD Street",9876543210,Sohel,van,VEHICLE,520630
"Goldmedal Garage","RTC colony",9370889476,Rajan,car,HOME,141831
"Innovative Auto","Kaapu Street",8867852524,Muni,bike,VEHICLE,749852
Mr.Automotive,"Gandhi Street",7893134145,Murali,car,VEHICLE,741358
"Star Automotive","Garage colony",8072678922,Mohit,auto,HOME,185246
"Trusted Garage",Srinivasam,7600217324,Abhi,auto,LIFE,410520
